GXMGAMdqZs;Brancepeth_Bastow;98;Unknown Method;Brancepeth, S Brandon;05/30/2025, 20:22:14
DwCMzFSZdH;Brancepeth_PB_7;84;Plain Bob Triples;Brancepeth, S Brandon;05/30/2025, 20:22:53
U2CHcwvis6;Brancepeth_PB7_2;84;Plain Bob Triples;Brancepeth, S Brandon;05/30/2025, 20:23:16
M272jY7454;Brancepeth_PB7;84;Plain Bob Triples;Brancepeth, S Brandon;05/30/2025, 20:23:43
l8GPqdAerK;Brancepeth_PH7_2;42;Plain Hunt Triples;Brancepeth, S Brandon;05/30/2025, 20:24:38
OJL2MRLOq7;Brancepeth_PH7;70;Plain Hunt Triples;Brancepeth, S Brandon;05/30/2025, 20:25:07
2Hw6J4YcyN;Brancepeth_Stedman;144;Stedman Triples;Brancepeth, S Brandon;05/30/2025, 20:25:56
PoxCpuzCQ4;Little_Bob_Brancepeth;48;Little Bob Major;Brancepeth, S Brandon;05/30/2025, 20:27:02
I4BVyHyvxv;PB7_Brancepeth;84;Plain Bob Triples;Brancepeth, S Brandon;05/30/2025, 20:28:04
YNivXDZyFO;Brancepeth_LB6;80;Little Bob Minor;Brancepeth, S Brandon;05/30/2025, 20:30:49
7sG2x6n3J5;Brancepeth_cambridge;120;Cambridge Surprise Minor;Brancepeth, S Brandon;05/30/2025, 20:31:40
xEm0SJ2Z5K;brancepeth_grandsire;80;Grandsire Doubles;Brancepeth, S Brandon;05/30/2025, 20:32:31
BNZbp2GWz9;Brancepeth_st_Clements;72;St Clement's College Bob Minor;Brancepeth, S Brandon;05/30/2025, 20:32:54
q9uOSq8R5I;Netherseale;120;Netherseale Surprise Minor;Brancepeth, S Brandon;05/30/2025, 20:33:34
